Confidence,Alpha,Coverage,Avg Interval Width,Lower Quantile
80%,0.19999999999999996,79.8%,19.39 min,9.695239257812501
85%,0.15000000000000002,84.3%,21.13 min,10.565385055541991
90%,0.09999999999999998,89.5%,23.58 min,11.787795639038087
95%,0.050000000000000044,95.3%,27.41 min,13.703097343444822
